{
	"id": "farchievements",
	"title": "Foundry Achievements",
	"description": "Achievements for FoundryVTT",
	"version": "13.07",
	"author": "Handyfon",
	"esmodules": [
		"AchievementsScreen.js"
	],
	"styles": [
		"AchievementsScreen.css"
	],
	"packs": [],
	"socket": true,
	"languages": [
		{
			"lang": "de",
			"name": "German",
			"path": "lang/de.json"
		},
		{
			"lang": "en",
			"name": "English",
			"path": "lang/en.json"
		}
	],
	"url": "https://github.com/theHazzard/Farchievementsds/tree/main",
	"manifest": "https://raw.githubusercontent.com/theHazzard/Farchievementsds/main/module.json",
	"download": "https://raw.githubusercontent.com/theHazzard/Farchievementsds/main/farchievements.zip",
	"compatibility": {
		"minimum": "11",
		"verified": "13"
	}
}